1,,,,,,,,,,,,,,,,,,,,,,,,,,,,,,,,,,,,,,,,,,,,,,,,,,,,,,,,,,,,,,,,,,,,,,,,,,,,,,,,,,,,,,,,,,,,,,,,,,,,,,,,,,,,,,,,,,,,,,,,,,,,,,,,,,,,,,,,,,,,,,,,,,,,,,,,,,,,,,,,,,,,,,,,,,,,,,,,,,,,,,,,,,,,,,
240,240,240,240,240,240,240,240,240,240,240,240,240,240,240,240,240,240,240,240,240,240,240,240,240,240,240,240,240,240,240,240,240,240,240,240,240,240,240,240,240,240,240,240,240,240,240,240,240,240,240,240,240,240,240,240,240,240,240,240,240,240,240,240,240,240,240,240,240,240,240,240,240,240,240,240,240,240,240,240,240,240,240,240,240,240,240,240,240,240,240,240,240,240,240,240,240,240,240,240,240,240,240,240,240,240,240,240,240,240,240,240,240,240,240,240,240,240,240,240,240,240,240,240,240,240,240,240,240,240,240,240,240,240,240,240,240,240,240,240,240,240,240,240,240,240,240,240,240,240,240,240,240,240,240,240,240,240,240,240,240,240,240,240,240,240,240,240,240,240,240,240,240,240,240,240,240,240,240,240,240,240,240,240,240,240,240,240,240,240,240
240,240,240,240,240,240,240,240,240,240,240,240,240,240,240,240,240,240,240,240,240,240,240,240,240,240,240,240,240,240,240,240,240,240,240,240,240,240,240,240,240,240,240,240,240,240,240,240,240,240,240,240,240,240,240,240,240,240,240,240,240,240,240,240,240,240,240,240,240,240,240,240,240,240,240,240,240,240,240,240,240,240,240,240,240,240,240,240,240,240,240,240,240,240,240,240,240,240,240,240,240,240,240,240,240,240,240,240,240,240,240,240,240,240,240,240,240,240,240,240,240,240,240,240,240,240,240,240,240,240,240,240,240,240,240,240,240,240,240,240,240,240,240,240,240,240,240,240,240,240,240,240,240,240,240,240,240,240,240,240,240,240,240,240,240,240,240,240,240,240,240,240,240,240,240,240,240,240,240,240,240,240,240,240,240,240,240,240,240,240,240
240,240,240,240,240,240,240,240,240,240,240,240,240,240,240,240,240,240,240,240,240,240,240,240,240,240,240,240,240,240,240,240,240,240,240,240,240,240,240,240,240,240,240,240,240,240,240,240,240,240,240,240,240,240,240,240,240,240,240,240,240,240,240,240,240,240,240,240,240,240,240,240,240,240,240,240,240,240,240,240,240,240,240,240,240,240,240,240,240,240,240,240,240,240,240,240,240,240,240,240,240,240,240,240,240,240,240,240,240,240,240,240,240,240,240,240,240,240,240,240,240,240,240,240,240,240,240,240,240,240,240,240,240,240,240,240,240,240,240,240,240,240,240,240,240,240,240,240,240,240,240,240,240,240,240,240,240,240,240,240,240,240,240,240,240,240,240,240,240,240,240,240,240,240,240,240,240,240,240,240,240,240,240,240,240,240,240,240,240,240,240
240,240,240,240,240,240,240,240,240,240,240,240,240,240,240,240,240,240,240,240,240,240,240,240,240,240,240,240,240,240,240,240,240,240,240,240,240,240,240,240,240,240,240,240,240,240,240,240,240,240,240,240,240,240,240,240,240,240,240,240,240,240,240,240,240,240,240,240,240,240,240,240,240,240,240,240,240,240,240,240,240,240,240,240,240,240,240,240,240,240,240,240,240,240,240,240,240,240,240,240,240,240,240,240,240,240,240,240,240,240,240,240,240,240,240,240,240,240,240,240,240,240,240,240,240,240,240,240,240,240,240,240,240,240,240,240,240,240,240,240,240,240,240,240,240,240,240,240,240,240,240,240,240,240,240,240,240,240,240,240,240,240,240,240,240,240,240,240,240,240,240,240,240,240,240,240,240,240,240,240,240,240,240,240,240,240,240,240,240,240,240
240,240,240,240,240,240,240,240,240,240,240,240,240,240,240,240,240,240,240,240,240,240,240,240,240,239,240,240,239,239,240,239,239,239,240,239,239,239,239,239,239,239,239,239,239,239,239,239,239,239,239,239,239,239,239,239,239,239,239,239,239,239,239,238,239,238,239,238,238,238,237,235,233,233,233,232,231,232,233,234,234,235,237,238,238,238,237,236,235,234,233,232,232,232,232,233,233,233,233,232,232,233,234,235,237,238,240,239,240,107,236,240,107,107,107,108,108,107,107,108,107,108,108,108,107,108,107,107,107,106,107,107,107,107,107,107,107,107,107,106,107,104,102,103,103,103,103,103,103,103,102,102,102,102,102,102,102,102,101,101,100,100,101,101,100,101,100,101,100,100,100,99,100,99,98,99,98,98,98,99,99,99,97,96,98,96,97,95,97,97,95
240,240,240,240,240,240,240,240,240,240,240,240,240,240,240,240,240,240,240,240,240,240,240,240,240,240,240,240,239,239,239,239,239,240,239,239,239,239,239,239,239,239,239,239,239,239,239,239,239,239,239,239,239,239,239,239,239,239,239,239,239,239,239,238,239,238,239,238,238,238,237,235,234,233,232,231,232,232,232,234,234,235,237,238,238,237,237,236,235,234,233,231,231,232,232,233,233,233,233,232,232,233,234,235,236,238,239,239,240,107,236,240,107,107,107,107,107,106,107,108,108,107,108,107,106,107,107,107,106,106,107,107,108,107,107,107,107,106,107,106,107,103,102,103,103,103,102,103,103,102,102,102,102,102,101,101,102,101,101,101,100,100,100,101,100,101,100,100,100,100,99,99,99,98,98,98,98,98,98,98,99,99,97,96,98,96,97,95,97,97,95
240,240,240,240,240,240,240,240,240,240,240,240,240,240,240,240,240,240,240,239,240,240,239,239,239,240,240,239,240,239,240,239,239,239,239,239,239,239,239,239,239,239,239,239,239,239,239,239,239,239,239,239,239,239,239,238,239,239,238,239,238,238,238,238,238,238,238,238,238,237,236,234,233,232,232,231,230,231,232,233,233,235,236,237,237,236,236,235,233,232,230,229,228,229,230,230,231,231,231,231,231,231,232,233,106,106,239,242,107,107,108,108,107,108,108,107,107,107,107,107,107,108,107,107,106,107,106,107,105,106,107,107,107,107,107,106,106,106,107,105,106,100,103,104,102,102,100,101,102,102,102,101,101,101,102,101,101,101,101,101,101,100,101,100,100,101,101,100,100,100,99,99,99,99,98,99,98,98,99,98,98,98,98,97,97,94,97,97,96,97,96
240,240,240,240,240,240,240,240,240,240,240,240,240,240,240,240,240,240,240,240,240,240,239,239,239,239,239,239,239,239,239,239,239,239,239,239,239,239,239,239,239,239,239,239,239,239,239,239,239,239,239,239,239,239,238,239,238,239,238,238,238,238,238,238,238,238,238,238,237,236,234,233,232,231,231,230,229,229,230,231,232,234,235,236,236,235,234,233,231,228,227,225,225,225,226,226,227,226,104,105,106,106,106,106,107,107,107,108,108,108,108,108,108,108,108,108,108,108,107,107,107,107,107,108,107,107,107,106,106,107,107,106,107,107,106,106,106,106,104,105,102,106,96,101,101,102,100,102,102,102,101,101,101,101,102,101,101,102,101,101,101,100,101,100,100,99,101,100,100,99,99,100,99,99,98,98,98,98,99,98,99,98,97,96,96,95,95,97,97,95,96
240,240,240,240,240,240,240,240,240,240,239,240,240,240,240,240,240,240,240,240,239,240,239,239,239,240,239,239,239,239,239,239,239,239,239,239,239,239,239,239,239,239,239,239,239,239,239,239,239,238,239,239,239,239,238,238,238,238,238,238,238,238,238,238,238,238,237,237,236,235,234,232,230,229,227,226,226,227,227,228,230,232,233,233,233,232,231,229,227,225,224,105,105,105,104,105,104,104,105,105,106,106,107,107,107,107,107,107,107,107,108,107,107,107,108,107,107,107,107,107,107,107,107,107,107,107,107,107,107,107,106,106,106,106,105,106,105,104,104,103,99,107,100,101,102,102,101,102,102,102,101,101,100,101,101,101,101,101,100,102,101,101,100,101,101,101,101,100,100,100,100,99,99,98,99,98,99,99,98,99,97,99,98,97,96,96,95,92,96,94,96
240,240,240,240,240,240,240,240,240,239,240,240,240,240,240,239,240,239,239,240,239,239,239,239,239,239,239,239,239,239,239,239,239,239,239,239,239,239,240,240,239,239,238,239,239,239,239,239,239,239,238,238,238,238,238,238,238,238,238,238,238,237,237,237,237,237,236,236,235,233,231,228,226,222,216,216,218,220,224,226,228,228,228,103,103,226,104,103,103,104,104,105,105,105,105,106,106,105,106,106,107,106,106,106,107,106,107,107,108,107,107,107,107,107,107,107,107,107,107,107,107,107,107,107,107,107,107,106,106,106,105,106,105,105,106,105,103,104,100,100,101,104,101,103,102,102,102,102,102,102,101,101,102,100,102,101,101,100,101,100,100,101,100,100,101,100,100,100,99,99,97,96,99,97,97,98,98,99,98,98,97,99,98,98,96,96,94,92,95,93,96
240,240,240,240,240,240,240,240,240,240,240,240,240,240,240,240,240,239,239,239,239,239,239,239,239,239,239,239,239,239,239,239,239,239,239,239,239,239,240,240,239,239,239,239,239,239,239,238,238,238,238,238,238,238,237,238,237,237,237,237,236,236,236,236,236,236,235,233,231,230,225,101,101,102,104,102,103,103,103,103,104,225,223,103,103,103,104,104,104,105,104,105,105,105,105,105,105,105,105,105,105,106,106,106,106,106,106,107,107,106,107,107,107,107,107,107,106,107,107,107,107,107,106,106,106,106,106,106,106,105,105,106,103,105,104,104,103,101,103,104,104,104,103,103,104,103,102,103,102,101,102,102,101,101,102,101,101,101,102,101,100,101,101,100,100,101,100,100,99,100,97,98,100,98,99,97,98,97,98,98,98,99,98,96,97,96,96,95,93,93,97
240,240,240,240,240,240,239,240,239,239,239,240,240,240,240,240,240,239,239,239,239,239,239,239,239,239,239,239,239,239,239,238,238,239,238,238,238,238,238,238,238,238,238,238,238,238,238,237,237,237,236,236,235,236,235,235,233,231,232,230,228,231,231,230,228,224,227,227,102,102,102,102,102,102,102,102,102,102,102,102,102,103,103,103,103,102,103,103,103,103,104,104,104,104,104,104,104,105,104,105,105,105,105,106,105,106,106,107,106,106,107,106,107,106,107,107,107,106,107,106,106,106,106,106,105,107,106,106,104,106,105,105,104,105,104,103,104,104,103,104,104,104,104,103,104,103,104,103,103,103,103,102,103,103,102,101,102,102,101,101,102,100,102,101,100,101,99,100,100,99,99,99,100,99,98,98,96,98,98,98,98,97,98,98,95,97,97,91,96,90,96
240,240,240,240,240,239,240,240,239,239,240,239,239,240,240,239,239,239,239,239,239,239,239,239,239,239,239,239,238,239,238,238,239,240,239,238,238,238,238,238,238,238,238,238,237,236,236,234,233,232,232,232,232,232,231,229,219,103,103,223,225,225,225,224,223,222,221,101,101,100,100,101,101,101,101,101,100,101,101,101,101,101,102,101,102,102,102,102,102,103,103,103,103,103,103,103,103,103,104,104,104,105,105,105,105,105,106,106,106,106,106,107,106,107,107,107,107,107,106,106,106,107,107,106,105,106,105,106,106,106,102,107,104,105,105,105,104,104,104,105,105,104,105,104,105,105,104,104,104,104,103,104,103,103,103,102,102,102,101,102,102,101,101,101,100,101,100,100,101,99,100,100,101,98,99,98,96,98,97,97,99,97,96,97,96,96,96,93,93,92,92
240,240,240,239,239,239,240,239,239,239,239,239,239,239,239,239,239,239,239,239,239,239,239,239,238,239,238,238,238,238,238,239,238,239,238,238,238,238,238,238,238,237,236,235,233,231,229,227,227,98,102,223,224,104,100,101,100,100,103,100,99,223,223,222,222,219,219,99,99,99,99,99,99,100,99,100,100,100,100,100,100,101,101,101,101,101,101,101,102,102,102,102,102,102,103,103,103,103,103,103,104,104,104,104,105,105,105,105,106,105,106,106,106,106,106,106,107,107,107,106,106,106,106,106,106,106,106,106,106,105,106,106,104,105,105,105,104,104,104,105,104,104,104,104,104,106,104,104,104,104,104,104,103,103,103,103,103,102,102,102,102,102,102,101,101,101,102,100,100,101,101,99,100,99,100,92,97,97,97,97,98,96,97,97,97,97,98,95,90,95,94
239,240,240,239,239,239,239,239,239,239,239,239,239,239,239,239,239,239,239,239,239,239,239,238,238,238,238,238,238,238,237,238,238,237,237,237,238,238,236,235,234,232,231,227,224,221,100,103,100,100,102,99,99,98,99,99,99,98,99,98,99,98,99,99,98,98,98,98,98,98,98,98,98,99,98,99,99,98,99,99,99,100,99,100,100,99,100,101,100,101,101,101,101,102,102,102,102,102,103,103,103,104,103,104,104,104,105,105,105,105,105,106,106,106,106,106,106,106,107,106,106,106,106,107,106,106,106,106,106,106,106,106,105,106,105,105,105,105,105,105,105,105,104,105,105,104,105,104,104,104,104,104,104,104,103,104,103,103,103,102,103,103,102,102,102,102,102,101,101,101,101,101,99,101,100,99,99,98,98,99,97,98,98,97,98,95,95,93,95,94,96
239,239,239,239,239,239,239,239,239,238,239,239,239,239,239,239,239,239,239,239,239,239,238,238,238,238,238,238,238,238,238,239,239,239,236,236,235,233,232,230,228,226,102,105,104,103,102,102,100,99,99,99,98,99,98,98,97,97,97,97,97,97,97,97,97,97,97,97,97,97,97,97,97,97,97,97,98,98,98,98,98,98,98,99,99,99,99,99,100,100,100,100,101,101,101,101,102,102,102,102,103,103,103,104,104,104,104,104,104,105,105,105,105,105,105,105,106,106,105,106,106,106,106,106,106,106,105,106,106,107,106,106,105,105,105,106,105,105,105,105,105,105,104,105,104,104,105,105,104,104,104,104,104,103,104,103,103,103,103,103,102,103,102,102,102,102,102,102,101,101,101,101,100,100,101,101,99,99,99,99,98,98,96,99,97,94,97,97,95,93,95
239,239,239,239,239,239,239,239,239,239,239,239,239,239,239,239,239,239,239,238,238,238,238,238,238,238,238,238,238,238,239,240,239,238,235,233,231,227,226,104,104,103,103,103,102,100,99,99,99,99,99,99,98,98,97,96,97,96,96,96,96,96,96,96,95,96,96,95,95,95,95,95,96,96,96,96,96,96,96,97,97,97,98,97,97,98,98,99,99,99,100,99,100,100,100,101,101,101,101,101,102,102,103,103,103,104,103,104,104,105,105,105,105,105,105,106,105,106,106,106,106,106,106,106,106,106,105,107,106,107,106,105,106,106,106,106,105,106,105,106,105,105,106,105,105,105,105,105,104,105,105,104,104,104,104,104,104,103,104,103,103,103,103,103,102,102,102,101,101,102,102,102,101,100,102,101,100,101,100,100,99,97,100,97,95,95,98,94,94,95,97
239,239,239,239,239,239,239,239,239,239,239,239,239,239,239,239,239,238,239,238,238,238,238,238,238,237,237,237,238,238,239,239,236,232,228,228,227,225,104,103,103,102,102,101,100,100,99,99,97,98,97,97,97,96,96,95,95,95,95,95,94,94,94,94,94,94,94,94,94,94,94,94,94,94,95,95,95,95,95,95,96,96,96,96,97,97,97,97,98,98,98,99,99,99,100,100,100,101,101,101,102,102,102,102,103,103,104,104,104,104,105,104,105,105,105,106,106,106,106,106,106,106,106,106,106,105,106,106,106,105,105,106,105,106,106,105,106,107,105,105,105,105,104,106,105,105,105,104,105,105,105,104,104,105,104,104,103,104,103,103,104,103,104,103,102,102,102,101,102,101,101,102,101,101,101,101,100,101,100,101,99,100,99,96,96,97,97,96,96,95,90
239,239,239,239,239,239,239,239,239,239,239,239,239,239,239,239,239,239,238,238,238,238,238,238,237,238,238,238,239,237,236,237,236,227,219,106,106,105,104,103,102,101,100,100,99,99,98,97,97,96,95,95,95,95,95,94,94,93,93,93,94,93,93,93,93,93,92,92,92,93,93,93,93,93,93,94,94,94,94,95,95,95,95,95,96,96,96,97,97,97,97,98,98,99,99,100,100,100,101,101,101,101,102,102,102,103,103,103,103,104,104,105,105,105,105,105,105,105,106,106,106,106,105,106,106,107,106,106,106,106,104,107,106,107,106,106,106,106,105,106,105,106,106,106,106,106,105,106,105,105,105,104,104,104,105,104,104,105,104,103,104,104,103,104,103,103,103,103,102,102,102,102,101,101,102,101,100,100,101,100,99,100,99,99,97,96,97,95,96,97,98
239,239,239,239,239,239,239,239,239,239,239,239,239,239,239,239,239,239,239,239,238,238,238,238,238,238,237,237,237,234,229,227,106,107,107,106,105,103,102,101,101,100,99,99,98,97,96,96,96,95,95,95,94,94,94,93,93,93,92,92,92,91,91,91,91,91,92,92,91,91,91,91,92,92,92,92,93,92,93,94,94,94,94,94,95,95,95,96,96,97,97,97,98,98,99,99,99,100,100,101,101,101,102,102,102,103,103,103,103,104,104,105,104,105,105,105,105,105,106,106,106,107,106,106,106,107,106,107,106,105,106,107,102,108,106,107,107,106,106,106,106,106,105,106,107,105,106,106,106,105,106,105,104,105,105,104,105,105,104,104,104,104,104,103,104,104,103,103,103,102,101,103,101,102,102,102,100,101,101,100,100,101,100,98,97,98,98,97,96,97,97
239,239,239,239,239,239,239,239,239,239,239,239,239,239,239,240,240,239,239,240,240,239,238,238,238,236,235,235,230,224,220,106,107,106,105,103,103,102,101,101,100,99,98,97,97,96,96,95,95,94,94,93,93,92,92,92,91,91,91,91,91,91,90,90,90,90,90,90,90,90,90,91,91,91,91,91,92,92,92,93,93,93,94,94,95,95,95,95,96,96,96,97,98,98,99,99,100,100,100,100,101,101,102,102,102,102,103,103,103,104,104,105,104,105,105,105,105,106,106,106,106,106,107,107,106,107,107,107,106,106,107,107,106,107,106,107,107,106,107,106,107,106,106,106,106,106,106,106,106,106,106,105,106,105,105,104,105,106,105,104,105,104,104,104,104,103,104,102,103,103,102,102,102,102,102,102,101,102,102,101,101,100,100,99,99,99,98,97,97,97,97
239,239,239,239,239,239,239,239,240,239,239,239,239,239,239,239,240,240,239,239,238,238,238,237,235,231,228,226,222,109,106,106,106,104,103,103,102,101,100,99,99,98,97,96,95,95,95,93,93,93,92,92,91,91,91,90,90,90,90,89,89,91,89,90,89,90,89,90,89,89,90,90,90,91,90,91,91,91,92,92,92,93,93,93,94,94,95,95,95,95,96,97,97,97,98,99,99,99,100,100,101,101,102,102,102,102,103,103,104,103,105,105,105,105,105,105,106,106,106,106,106,107,106,107,107,107,107,107,106,106,108,107,107,108,107,107,107,107,107,107,107,107,107,104,106,107,106,106,107,106,107,106,106,106,106,106,105,105,105,106,105,104,105,104,104,105,103,103,104,102,104,103,102,102,103,101,101,103,103,102,102,101,101,100,100,99,98,99,96,97,97
239,239,239,239,239,239,239,239,239,239,239,239,239,239,239,239,239,239,238,238,238,237,236,233,229,224,222,223,107,109,107,105,104,104,103,102,101,100,99,99,98,97,96,96,95,94,94,93,92,92,91,90,90,89,89,89,90,90,89,89,88,89,89,88,88,89,89,89,89,89,89,89,89,90,90,90,91,91,91,92,92,92,93,93,93,94,94,95,95,95,96,97,97,98,98,99,99,99,100,101,101,101,101,102,102,102,103,103,103,104,104,105,105,105,105,106,105,106,106,106,106,107,107,107,107,107,107,107,108,107,107,108,107,108,107,107,107,108,107,107,108,107,107,106,107,106,108,107,107,106,107,106,106,107,106,106,106,106,105,106,105,106,105,104,105,104,104,104,104,103,105,103,103,102,101,102,102,103,103,103,102,102,101,101,100,101,99,98,99,97,97
239,239,239,239,239,238,239,239,239,239,239,239,239,239,239,239,239,238,238,238,237,235,231,224,215,216,111,109,110,108,106,105,105,103,102,102,100,99,98,98,97,95,96,95,94,92,93,92,91,90,90,90,89,89,89,89,90,88,88,88,88,88,88,88,88,88,88,88,88,88,88,89,89,89,90,90,90,90,91,91,91,92,93,93,93,93,94,95,95,95,96,96,97,97,98,98,99,99,100,100,101,101,102,102,102,102,103,103,103,103,104,105,105,105,105,106,106,106,106,106,106,107,107,107,107,108,108,107,107,108,107,107,108,108,107,109,107,108,107,107,108,107,107,107,107,108,106,106,107,106,107,107,108,106,107,106,107,106,106,106,106,105,105,105,105,105,104,104,104,103,104,103,103,104,103,102,102,103,102,103,102,101,101,101,101,99,96,98,97,98,97
239,239,240,239,238,238,238,238,238,239,239,239,239,239,239,239,239,238,238,236,234,228,211,102,110,112,112,110,108,106,105,104,103,102,101,101,100,99,98,96,96,95,94,94,93,93,92,90,90,90,89,89,88,88,88,88,88,88,87,87,87,87,87,87,87,87,87,88,88,88,88,89,89,89,90,89,90,90,91,91,91,92,92,92,93,94,94,94,95,95,96,96,97,97,98,98,99,99,100,100,101,101,102,102,102,103,103,103,103,104,104,105,106,105,105,106,106,106,106,107,107,107,107,108,106,109,108,107,107,108,108,108,108,109,107,108,108,107,108,108,108,107,108,107,108,107,107,108,107,107,108,107,107,107,107,107,107,107,107,106,106,106,107,105,104,106,105,104,104,105,104,104,104,104,103,103,103,102,103,103,102,101,102,101,101,100,100,100,99,99,97
239,239,240,238,238,238,238,238,237,238,238,238,238,238,238,238,238,237,235,232,227,223,104,111,113,112,111,109,107,107,105,104,102,101,99,100,98,97,97,95,95,94,93,93,92,91,91,90,89,89,89,88,88,88,88,87,87,87,87,87,87,87,87,87,87,87,87,87,88,88,88,88,88,89,89,90,90,90,91,91,91,92,92,92,93,93,94,94,95,95,96,96,97,98,98,99,99,99,100,101,100,101,102,102,102,103,103,104,104,104,105,105,105,105,105,106,106,106,106,107,107,107,107,108,108,108,108,108,108,108,108,108,108,108,108,108,107,109,108,108,108,108,108,108,108,107,108,107,107,107,108,107,107,107,108,108,106,107,107,106,106,107,106,105,107,106,106,105,105,104,104,103,104,103,103,102,104,104,103,103,103,102,102,102,101,101,100,99,100,98,99
239,239,240,239,238,238,237,237,237,237,237,237,237,237,236,236,234,232,229,224,104,102,106,111,112,112,110,108,107,106,104,103,102,101,100,99,98,97,96,95,94,93,92,92,91,90,90,89,89,89,88,87,87,87,87,86,87,86,87,87,87,86,87,87,87,87,87,87,87,87,88,88,89,89,89,89,90,90,90,91,91,92,92,93,93,94,94,94,94,95,96,97,97,98,98,98,99,100,100,100,101,101,101,102,102,103,103,103,104,104,104,105,105,106,106,107,106,107,107,107,107,107,108,107,107,109,108,108,108,108,109,109,109,109,109,109,109,109,109,108,108,108,108,108,109,108,108,109,109,107,108,109,107,108,107,107,107,105,107,106,108,107,106,106,106,106,105,106,106,104,106,104,105,105,104,104,104,104,103,103,103,103,103,102,102,101,101,101,95,99,97
239,239,240,238,238,238,238,238,238,237,237,236,236,236,235,233,232,228,224,124,107,111,114,113,111,110,109,107,106,105,104,103,102,101,100,98,96,96,95,94,93,93,92,91,90,90,89,89,89,87,88,88,87,86,86,86,86,86,86,86,86,87,86,87,87,87,87,87,87,88,88,88,89,89,89,89,90,90,91,91,91,91,92,92,93,94,94,94,94,96,96,96,97,97,98,99,99,100,100,101,101,101,102,102,102,103,103,103,104,104,105,105,105,106,106,107,107,107,107,107,108,107,108,108,108,108,108,108,108,108,108,109,109,109,109,109,109,109,109,109,109,109,109,109,108,108,108,109,109,108,109,108,107,108,108,108,108,107,108,107,107,107,107,107,106,106,107,106,106,105,106,104,104,105,105,104,105,104,104,105,104,103,103,102,103,102,101,102,101,100,100
238,238,238,238,238,238,238,238,238,238,237,237,236,236,234,232,229,226,227,120,114,113,114,112,111,109,107,106,105,104,103,102,101,99,99,97,96,95,94,93,92,92,91,90,90,89,88,88,88,87,87,86,87,86,86,86,86,85,86,86,86,86,86,86,87,87,87,87,88,87,87,88,89,89,89,89,90,91,91,91,91,92,92,93,93,94,94,94,95,96,96,97,97,98,99,99,100,100,101,101,101,102,102,103,103,103,104,104,104,105,105,105,105,106,107,107,107,107,108,108,108,107,109,109,109,108,109,109,110,110,109,110,110,109,109,109,110,109,110,110,109,109,110,109,109,109,109,110,109,109,109,109,109,109,108,108,108,107,108,109,107,108,107,107,107,107,107,104,107,106,106,104,105,105,105,104,105,104,104,104,104,103,103,102,103,101,102,101,101,98,100
238,238,238,238,238,238,238,238,238,238,237,237,236,234,231,229,227,190,108,113,114,115,114,112,110,109,107,107,105,104,102,101,100,100,97,96,95,94,93,93,92,91,90,90,89,89,88,87,88,87,87,86,86,85,86,86,86,85,86,85,86,86,86,86,86,87,86,87,87,88,88,88,88,89,89,89,90,90,91,91,92,92,92,93,93,94,94,95,95,96,96,97,97,98,98,99,100,100,100,101,102,102,103,103,103,103,104,105,104,105,105,106,106,107,107,107,107,108,108,109,108,109,109,109,109,108,109,110,109,109,110,110,110,110,110,110,110,110,110,110,110,109,110,110,110,110,109,109,109,110,110,110,109,109,109,108,109,109,108,109,108,108,108,107,107,107,108,106,107,106,106,105,107,105,105,106,105,105,104,104,104,104,104,103,103,102,104,101,101,101,102
238,238,238,238,238,238,238,238,238,237,237,236,235,232,230,216,188,106,111,115,115,115,113,111,110,108,107,106,104,103,102,101,99,99,97,95,95,94,93,92,91,91,90,90,89,88,88,87,87,86,86,86,85,85,86,85,85,85,86,86,86,85,86,86,86,86,87,87,87,87,88,88,88,88,89,89,90,90,91,91,91,92,92,93,93,94,94,95,95,96,96,97,98,98,99,99,100,100,101,101,102,102,103,103,103,103,104,104,105,105,106,106,107,107,107,107,108,108,108,109,108,109,109,109,110,109,110,110,109,110,110,110,110,110,110,110,110,110,110,110,111,110,109,110,110,111,111,110,110,110,110,110,110,110,109,110,110,109,109,109,107,110,108,108,107,107,108,107,107,106,107,106,107,106,105,105,105,106,105,105,105,103,103,104,103,103,102,102,101,102,102
238,238,238,238,237,238,238,238,238,237,236,235,232,230,221,190,105,109,114,113,119,114,112,110,109,108,106,105,103,102,101,100,99,97,96,95,94,93,92,92,91,90,90,89,89,88,88,88,87,86,85,85,86,85,85,86,84,84,86,85,86,86,86,86,86,86,86,87,88,88,88,88,88,89,89,90,90,90,91,91,92,92,92,93,94,94,94,95,96,96,97,97,98,99,100,100,100,101,101,102,102,102,103,103,104,104,104,105,106,106,106,107,107,107,108,108,108,108,109,109,109,109,110,110,110,110,110,110,111,110,110,111,110,110,110,111,110,111,111,111,111,111,111,111,111,110,111,110,110,111,110,111,110,110,110,111,109,108,110,109,109,110,109,109,108,108,108,108,107,107,107,107,107,107,107,106,105,107,105,105,105,104,105,104,104,103,104,101,103,101,101
238,238,238,238,238,238,238,237,237,236,235,233,230,225,178,104,106,111,116,116,115,113,111,110,108,107,106,104,103,102,101,99,98,97,96,94,94,93,92,91,91,90,89,89,89,87,87,86,85,85,85,85,87,85,85,86,85,85,85,85,85,85,86,87,86,87,87,87,88,88,88,88,89,89,89,90,91,91,91,91,92,92,93,94,94,94,95,95,96,97,97,98,98,99,100,99,101,101,101,102,102,103,103,103,104,104,105,106,106,106,107,107,107,108,108,108,109,109,109,110,110,110,110,110,110,111,110,111,111,111,111,111,111,112,111,111,111,111,112,111,111,111,111,111,111,111,111,111,112,110,111,111,111,111,110,110,108,111,110,110,110,109,109,108,108,108,109,108,104,109,107,107,108,107,107,107,107,106,106,105,106,105,104,104,104,103,103,103,103,102,102
238,238,238,238,238,238,238,237,237,235,233,231,227,197,141,105,107,112,113,119,115,112,111,109,108,106,105,104,102,101,100,99,98,96,95,95,94,93,92,91,90,89,89,89,88,89,88,84,87,83,87,84,86,84,85,85,85,85,85,85,86,86,86,86,86,87,87,87,88,88,88,88,89,89,90,90,90,91,91,91,92,93,93,94,94,95,95,96,96,97,97,98,98,99,100,100,101,102,102,102,103,103,103,104,104,105,105,106,106,107,108,107,108,108,108,108,109,110,110,110,110,111,111,110,111,111,111,109,112,111,111,112,112,111,112,112,112,112,112,112,112,112,112,111,112,111,112,112,111,112,112,112,111,111,111,111,111,110,110,110,110,110,110,109,109,110,108,109,108,109,108,108,107,107,107,106,107,107,106,107,105,105,105,105,105,104,104,104,103,102,102
238,238,237,238,237,237,237,237,236,235,233,229,210,159,102,106,108,112,113,118,114,112,110,109,107,106,104,104,102,101,100,99,97,96,95,94,93,93,91,91,90,90,88,91,89,89,87,84,87,83,86,85,84,85,84,86,85,85,86,86,86,86,86,86,87,87,87,87,88,88,88,88,89,89,90,90,91,91,91,92,92,93,93,94,94,95,95,96,97,97,98,98,99,99,100,101,101,102,102,102,104,103,104,104,105,105,106,106,107,107,108,108,108,109,109,109,110,110,110,110,110,111,111,111,112,112,112,112,112,112,112,110,113,112,112,112,112,112,112,113,112,111,113,112,112,113,112,112,113,112,112,112,112,112,111,111,112,111,111,111,111,110,110,110,110,110,109,109,109,108,107,109,108,107,107,107,107,107,106,106,106,106,105,105,105,104,105,103,105,104,102
238,238,238,237,237,237,237,236,235,233,231,222,175,160,104,106,110,115,117,115,113,111,110,109,107,106,104,103,102,101,99,99,97,96,95,94,93,92,91,91,90,90,89,90,89,90,84,82,89,83,86,85,85,85,84,85,85,86,86,86,86,86,86,86,86,87,88,88,88,88,88,89,89,89,90,90,91,91,92,92,93,93,94,94,95,95,96,96,97,97,98,99,99,100,101,101,101,102,102,103,103,104,104,105,105,106,106,107,107,108,108,109,109,109,109,110,110,111,111,111,111,111,112,112,112,112,112,112,112,113,112,113,113,112,113,113,112,112,114,113,112,113,113,112,113,113,112,112,113,113,112,112,112,112,112,111,112,111,111,111,111,111,110,110,110,110,109,110,110,108,110,109,108,108,108,107,107,108,111,108,107,109,106,106,107,107,105,104,103,103,101
238,238,237,237,237,237,237,236,234,232,227,209,161,141,105,107,112,115,119,115,113,111,110,108,107,106,104,103,102,101,99,99,97,96,95,94,93,92,91,91,90,90,89,89,88,89,88,83,86,84,86,85,84,85,85,85,85,85,85,86,86,86,87,87,87,87,88,88,88,88,88,89,89,90,90,90,91,91,92,92,93,93,94,94,95,95,96,97,97,98,99,99,100,100,101,101,102,102,103,103,104,104,105,106,106,107,107,108,108,108,109,109,110,110,110,111,111,111,111,111,112,112,112,112,113,112,113,112,113,113,114,112,114,113,114,113,113,113,112,114,114,112,114,114,114,112,114,113,113,113,112,113,112,113,111,116,111,112,111,111,111,112,110,111,110,111,110,110,110,109,110,109,108,108,109,108,109,109,108,106,108,107,106,106,106,105,106,106,104,103,103
237,238,238,237,237,237,236,236,233,230,221,190,163,161,106,107,114,114,119,115,112,111,110,108,106,105,104,103,102,100,98,98,97,95,95,94,93,92,91,91,90,90,89,91,90,86,86,85,84,83,86,85,85,84,85,85,85,85,85,86,86,87,87,87,87,88,88,88,88,89,89,89,90,90,90,91,91,91,92,93,93,94,94,95,95,96,96,97,98,98,99,100,100,100,101,102,102,103,103,104,104,105,105,106,107,107,107,108,109,109,109,109,110,110,111,111,111,111,112,111,112,112,112,112,112,113,113,113,114,113,114,113,114,113,114,114,114,114,115,114,114,114,114,114,114,114,114,113,114,113,113,113,113,112,114,112,112,113,112,112,112,112,111,112,111,111,111,111,110,110,110,110,109,108,110,109,109,107,108,107,107,108,107,108,106,107,106,105,105,104,104
237,236,238,237,237,237,236,235,231,224,210,174,158,141,107,108,115,114,117,114,112,110,109,108,106,105,104,103,101,100,99,98,97,96,95,94,93,92,91,91,90,89,89,89,87,87,85,84,85,85,86,84,84,85,85,85,86,86,86,86,86,87,87,87,87,88,88,88,89,89,89,89,90,90,90,91,91,92,92,93,94,94,95,95,96,96,97,98,98,99,99,100,101,101,101,102,103,103,104,104,105,105,106,107,107,108,107,108,109,109,110,110,110,111,111,111,112,112,113,112,113,113,113,113,114,114,114,114,114,114,115,115,114,115,115,115,114,114,115,115,115,115,114,115,114,115,114,115,114,114,113,114,113,114,114,114,113,113,114,113,114,112,112,112,111,112,110,111,111,111,110,108,111,112,110,109,110,108,108,109,109,107,108,107,108,107,106,106,105,104,104
236,236,237,237,237,237,236,233,227,217,195,165,158,102,107,108,115,114,117,114,112,111,109,108,107,105,104,102,101,101,99,98,97,96,95,94,93,92,92,91,90,89,88,89,88,88,86,84,87,84,85,86,85,86,85,86,85,86,86,86,86,87,87,87,88,88,88,88,89,89,90,90,90,91,91,91,91,92,93,93,94,95,95,95,96,97,97,98,99,99,100,100,101,101,102,102,103,104,104,105,106,106,106,107,108,108,109,109,110,110,110,111,111,111,112,112,112,113,113,113,113,113,114,114,114,114,114,114,115,115,115,115,115,116,115,115,116,116,115,115,115,116,116,115,115,115,115,114,115,115,115,115,113,114,114,114,113,113,114,113,113,113,112,111,112,112,111,111,111,112,111,110,111,111,110,109,110,109,109,108,107,108,108,107,107,106,106,105,105,104,104
236,235,236,236,237,236,235,231,222,211,188,160,161,102,107,109,115,115,117,114,112,110,109,108,106,105,104,103,101,100,99,98,97,96,95,94,93,92,92,91,90,90,88,88,87,86,87,86,85,86,86,86,86,85,86,86,86,86,87,87,87,87,87,88,88,88,88,88,89,89,90,90,90,91,91,92,92,92,93,94,94,95,95,96,97,98,98,99,99,100,100,101,101,102,102,103,104,104,105,106,106,107,107,108,108,108,109,110,110,110,111,111,111,112,112,113,113,112,114,114,114,115,114,115,115,115,115,115,116,116,116,116,116,116,116,115,116,117,116,116,116,116,116,116,116,115,116,115,116,116,115,115,115,115,115,115,115,114,113,115,113,114,111,113,113,112,112,114,112,112,111,112,110,110,110,110,109,109,110,108,108,109,108,107,108,108,107,106,106,105,104
235,234,235,235,236,236,233,228,219,206,184,162,100,103,108,109,114,115,118,115,112,111,109,109,106,105,104,103,101,101,100,98,97,96,95,94,93,93,92,91,90,90,89,88,88,86,86,87,86,85,87,86,86,86,86,86,86,86,87,87,87,87,87,88,88,88,89,89,89,90,90,90,91,91,91,92,93,93,93,94,95,95,96,96,97,98,99,99,100,100,101,102,102,102,103,103,104,105,105,106,107,107,108,108,109,109,110,110,110,111,111,112,112,112,113,113,114,114,114,114,115,115,115,115,116,116,116,116,116,116,117,117,116,117,117,117,116,117,117,117,117,117,117,116,117,117,116,117,116,117,116,116,115,116,116,115,115,114,115,114,115,112,114,114,113,112,114,113,111,112,111,111,111,111,110,111,110,110,110,109,109,109,109,109,108,108,107,106,106,105,104
234,234,234,234,235,235,231,226,216,194,176,161,100,104,108,109,114,115,120,115,113,111,109,108,106,106,104,103,102,101,100,98,97,97,95,94,94,93,92,91,91,90,89,89,88,87,86,87,86,86,86,86,87,86,87,86,87,86,87,87,87,87,87,88,88,88,89,89,90,90,90,90,91,92,92,93,93,93,94,95,95,95,96,97,98,99,99,99,100,101,101,102,102,103,103,104,105,106,106,107,107,108,108,109,109,110,110,111,111,111,112,112,112,113,114,114,114,115,115,115,115,116,116,116,116,116,117,117,117,117,117,118,117,117,117,117,117,117,117,118,118,117,117,117,117,117,117,117,117,117,117,117,116,117,116,114,115,116,114,116,114,115,114,114,114,114,113,113,112,112,111,112,111,112,111,111,111,111,110,111,109,109,110,109,108,108,108,107,105,106,106
234,234,234,234,235,234,231,226,214,189,176,161,98,105,108,109,115,115,119,115,113,111,109,109,107,105,105,103,102,101,100,99,98,97,96,95,94,94,93,92,90,90,90,89,89,88,87,87,87,86,87,87,87,87,86,87,86,87,87,87,88,88,87,89,88,88,89,90,90,90,91,91,91,92,92,93,93,94,94,95,95,96,97,97,98,99,99,100,100,101,102,103,103,103,104,105,106,106,107,107,108,109,109,109,110,111,111,111,112,112,112,113,114,114,114,115,115,115,116,116,116,116,117,117,117,117,117,118,118,118,118,118,118,118,119,118,118,118,118,118,118,118,117,119,118,117,117,117,118,117,117,116,116,117,116,117,116,116,115,115,115,114,115,115,114,114,113,113,113,113,112,112,112,112,111,111,111,111,111,110,110,109,110,109,109,108,107,107,106,105,105
233,233,234,234,234,234,231,225,212,190,174,158,130,109,107,109,114,116,119,116,113,112,110,109,107,106,105,103,102,101,100,99,98,97,96,95,94,94,93,92,91,91,90,90,89,88,88,88,87,87,87,87,87,87,87,87,88,87,88,87,88,88,88,88,89,89,90,90,90,91,91,91,91,92,93,93,94,94,95,95,96,97,97,98,99,99,100,101,101,101,102,103,104,104,105,106,107,107,107,108,109,109,110,110,111,111,112,112,113,113,113,114,114,115,115,115,116,116,116,117,117,117,117,118,118,118,118,118,118,119,118,118,119,118,119,119,119,119,119,119,119,118,117,119,118,118,119,118,118,118,117,117,118,117,117,117,117,117,116,116,114,114,113,117,115,114,115,114,114,113,112,112,112,111,112,112,112,112,111,111,111,109,111,109,109,108,108,107,105,106,105
233,234,234,234,234,233,231,225,213,189,171,166,129,121,106,109,112,116,118,116,114,111,110,109,108,107,105,104,103,101,101,99,98,97,96,96,95,94,93,93,92,91,91,90,89,89,89,88,88,87,87,88,87,87,87,88,87,87,88,88,88,88,89,89,89,90,90,90,91,91,91,92,92,93,93,94,94,95,95,96,97,97,98,99,99,100,100,101,102,102,103,104,104,105,106,107,107,108,108,109,109,110,111,111,111,112,112,113,114,114,114,115,115,116,116,116,117,117,117,117,118,118,118,118,118,119,119,119,119,119,119,119,119,119,119,119,119,120,119,119,119,119,120,119,119,119,119,118,118,119,119,118,118,118,117,117,118,119,116,116,117,116,115,117,114,115,115,114,113,114,113,113,113,112,112,112,112,112,113,112,111,110,110,109,109,109,108,107,107,105,105
233,234,234,234,235,233,232,226,216,194,174,166,127,122,106,110,113,118,116,117,114,112,111,110,108,107,106,104,103,102,101,100,99,98,97,96,95,94,94,93,93,92,91,91,90,90,89,89,88,88,87,88,88,88,87,88,88,88,88,88,89,89,89,89,90,90,90,91,91,91,92,92,93,93,94,94,95,95,96,96,97,98,98,99,100,101,101,102,102,103,103,104,105,106,106,107,108,108,109,110,110,111,111,112,112,112,113,113,114,115,115,115,116,116,117,117,117,118,118,118,118,118,119,119,119,119,119,119,120,120,119,120,120,120,120,120,120,120,120,120,120,120,120,119,120,119,120,119,119,119,119,118,118,116,118,119,117,116,118,115,117,117,117,116,116,116,116,114,115,115,113,113,112,113,113,112,113,112,113,112,112,111,110,110,109,109,108,106,106,106,105
233,234,234,235,235,233,232,227,217,186,176,165,145,118,108,109,111,116,114,118,115,113,111,110,109,108,106,105,104,102,102,100,99,99,97,96,96,95,95,94,93,92,92,91,91,90,89,89,89,89,89,88,89,88,88,88,89,89,88,89,89,89,90,90,90,90,91,91,91,92,92,93,93,94,94,95,95,96,96,97,98,99,99,100,101,101,102,102,103,104,104,105,106,107,107,108,108,109,110,110,111,111,112,112,113,114,114,114,115,115,116,116,117,117,118,118,118,118,119,119,119,119,120,120,120,120,120,120,121,121,121,121,121,121,121,121,121,121,121,121,121,121,121,120,120,120,120,120,121,119,119,119,118,119,117,119,118,118,118,118,117,116,116,117,115,116,116,115,116,115,114,114,116,113,113,112,113,112,112,112,111,110,111,109,110,109,108,107,106,106,106
233,233,234,235,235,234,232,228,218,193,176,167,164,128,126,108,110,113,116,117,116,114,112,111,109,108,107,106,104,103,102,101,100,99,98,97,97,96,95,95,94,93,93,92,91,91,90,90,90,89,89,89,89,89,89,89,89,89,89,89,90,90,90,90,91,91,92,92,92,93,93,93,94,95,95,95,96,97,97,98,98,99,100,101,101,102,102,103,104,104,105,106,107,107,108,109,109,110,111,111,112,112,113,113,114,114,115,115,116,116,117,117,118,118,118,118,119,119,119,119,120,120,120,120,121,121,120,121,121,121,122,122,122,121,122,122,122,122,122,122,122,121,121,121,121,121,120,120,120,120,120,119,119,120,119,117,120,117,119,118,118,118,117,117,117,116,116,116,116,115,115,114,114,114,117,113,112,112,112,111,113,111,111,109,109,110,109,107,107,106,105
233,234,235,235,235,234,232,228,220,203,178,170,164,126,118,107,110,112,116,115,118,115,112,111,110,109,108,106,105,104,103,102,101,100,99,98,97,96,95,95,94,94,93,93,92,92,91,90,90,90,90,90,89,89,90,89,89,90,90,90,90,90,91,91,91,92,92,93,93,93,94,94,95,95,95,96,97,97,98,99,99,100,100,101,102,102,103,104,104,105,106,107,107,108,109,109,110,111,111,112,112,113,114,114,115,115,116,116,117,117,118,118,118,119,119,119,120,120,120,121,121,121,121,121,122,122,122,122,123,122,123,122,123,122,123,122,122,122,122,123,122,123,122,122,121,122,121,122,121,119,120,122,120,120,119,120,120,119,119,119,118,118,118,118,118,117,116,116,115,116,115,117,114,114,114,113,112,113,113,112,112,111,111,110,109,108,109,108,107,106,105
234,234,235,236,236,234,233,229,222,209,182,172,166,125,114,111,109,110,114,118,117,116,114,112,111,110,108,107,106,105,103,103,102,101,100,99,98,97,97,96,95,95,94,93,93,93,92,91,91,91,91,90,90,90,90,90,90,90,91,91,91,91,90,91,92,92,93,93,93,94,95,95,95,95,96,97,97,98,98,100,100,101,101,102,103,103,104,105,105,106,107,108,108,109,110,110,111,111,112,113,113,114,114,115,115,116,117,118,118,118,119,119,119,120,120,120,121,121,121,122,122,122,122,122,122,123,123,123,123,123,123,123,123,123,124,124,124,123,123,123,122,124,122,123,123,122,122,122,122,121,121,121,120,120,124,120,119,120,120,120,119,118,119,118,117,117,117,116,116,116,115,115,115,115,114,116,113,114,113,112,111,112,112,110,109,109,109,108,107,106,106
235,235,236,236,236,235,233,230,224,214,187,174,167,136,124,103,108,110,112,115,116,119,115,113,112,110,109,109,107,106,104,104,103,102,101,100,99,98,97,97,96,96,95,94,94,94,93,93,92,92,91,91,91,91,91,91,91,91,91,91,92,91,92,92,93,93,93,94,94,95,95,95,96,97,97,98,99,99,100,100,101,101,102,102,103,104,105,106,106,107,108,108,109,110,111,111,112,112,113,114,114,115,116,116,117,118,118,118,119,119,119,120,120,121,121,121,122,122,122,123,123,123,123,124,124,124,124,124,124,124,124,124,124,125,124,124,124,124,124,124,124,124,123,123,123,123,123,123,122,122,122,122,121,121,122,121,120,120,120,119,120,119,119,118,118,118,118,117,117,116,116,116,115,114,116,114,114,114,114,112,112,112,111,111,110,109,109,108,107,107,106
235,236,236,237,236,235,233,231,228,218,195,177,168,159,125,106,110,109,111,113,117,116,117,114,112,111,110,109,108,107,106,105,103,102,102,101,100,99,99,97,97,96,96,95,95,94,94,93,93,93,92,92,92,92,92,92,92,92,92,92,92,93,93,93,93,94,94,95,95,96,96,96,97,98,98,99,99,100,100,101,101,102,103,104,104,105,106,107,107,108,109,109,110,111,112,112,113,113,114,115,115,116,117,117,118,118,119,119,119,120,121,121,122,122,122,123,123,123,123,123,124,124,124,124,124,125,124,125,125,125,124,125,125,125,125,125,125,125,125,125,125,124,124,125,124,124,124,124,123,123,123,122,123,122,122,123,121,122,121,121,120,119,120,119,119,118,118,118,117,117,116,116,115,115,116,115,114,114,114,113,112,112,111,110,110,109,109,108,107,106,106
236,236,236,236,236,236,234,232,229,222,204,180,171,165,135,121,96,108,110,112,113,116,118,116,114,112,111,110,109,108,107,106,104,103,103,102,101,100,99,99,98,97,97,96,96,95,95,95,94,94,93,93,93,93,93,93,92,93,93,93,94,94,94,94,94,95,95,95,96,97,97,98,98,99,99,99,100,101,101,102,102,103,104,104,105,106,107,107,108,109,110,111,111,112,112,114,114,115,115,116,117,117,118,118,119,120,120,120,121,121,122,122,122,123,123,123,124,124,124,125,125,125,125,126,126,126,126,126,126,126,126,126,126,126,126,126,126,126,126,126,126,125,125,125,125,125,124,125,125,124,123,124,124,124,123,122,123,121,121,122,121,121,120,120,119,119,118,118,118,117,117,117,116,116,116,115,116,114,114,113,112,112,111,111,110,109,109,109,108,107,106
236,236,236,236,236,236,234,233,230,224,213,185,176,168,163,126,107,96,108,110,112,115,117,117,116,114,112,111,110,109,108,107,106,105,104,103,102,101,101,99,99,99,98,97,97,96,96,95,95,95,95,95,94,94,94,94,94,93,94,94,94,94,95,95,95,95,96,97,97,98,98,98,99,99,100,100,101,101,102,103,103,104,105,105,107,107,108,109,109,110,111,112,112,113,114,114,115,116,116,117,118,118,119,119,120,120,121,121,122,123,123,123,123,124,124,124,125,125,125,126,126,126,126,127,126,127,127,127,127,127,127,127,127,127,127,127,127,126,127,126,127,126,126,126,126,125,126,125,125,125,125,125,125,124,124,123,123,123,122,122,122,121,121,120,120,119,119,118,118,118,117,117,117,116,117,116,116,114,114,114,113,113,111,111,111,110,109,108,107,107,107
236,236,236,236,236,236,235,233,231,226,216,199,183,176,166,145,128,98,109,109,111,113,116,116,118,116,114,112,111,110,109,108,107,106,105,104,103,102,102,101,101,100,100,99,98,98,98,97,96,97,96,95,95,95,95,95,95,95,95,95,96,96,96,96,96,97,97,98,98,99,99,99,100,100,101,101,102,103,103,104,105,105,106,107,107,108,109,110,110,111,112,112,114,114,115,115,116,117,118,118,119,119,120,121,121,122,122,123,123,123,124,125,125,125,125,126,126,126,127,127,127,127,127,128,128,128,128,128,128,128,128,128,128,128,128,128,128,128,128,127,128,127,127,127,127,126,126,126,126,126,126,126,125,125,125,124,124,123,123,123,122,122,121,120,120,119,119,120,118,118,118,118,117,117,117,116,116,115,114,114,112,113,112,111,111,110,110,109,108,107,106
236,236,236,236,236,235,235,233,231,228,223,208,196,181,171,165,129,119,94,110,110,112,113,116,117,117,116,114,112,111,110,109,108,108,107,106,105,104,103,102,101,101,101,100,100,99,98,98,97,97,97,97,97,96,96,96,96,96,96,96,97,97,97,97,98,98,98,99,99,100,100,101,101,102,102,102,103,104,104,105,106,107,107,108,109,109,110,111,112,112,113,114,114,115,116,117,118,118,119,119,121,121,121,122,122,123,124,124,125,125,126,126,126,126,127,127,127,128,128,128,128,129,129,129,129,129,129,129,129,129,129,129,129,129,129,129,129,129,129,129,128,128,128,128,128,127,127,127,126,127,127,126,126,126,125,125,124,124,124,123,123,123,122,121,121,120,121,119,119,119,118,118,118,118,117,116,117,116,115,114,113,112,112,111,111,110,109,109,108,107,106
236,236,236,236,235,235,234,233,232,229,223,215,198,184,178,168,161,130,110,99,109,111,112,113,116,117,117,116,114,113,112,111,110,109,108,107,106,106,105,104,103,103,102,101,101,101,100,100,99,99,99,98,98,98,98,97,97,97,98,98,98,98,99,99,99,99,100,100,100,101,101,102,102,104,103,103,104,105,106,106,107,108,108,109,110,111,111,112,112,114,114,115,116,117,118,118,119,119,120,121,121,122,123,123,124,124,125,125,126,126,126,127,127,128,128,128,129,129,129,129,130,129,130,130,130,130,130,130,131,130,130,130,130,130,130,130,130,130,129,130,129,129,129,129,129,128,128,128,128,127,127,127,127,125,126,125,125,124,124,124,123,123,123,122,121,121,120,121,120,120,119,119,119,118,117,117,117,116,115,114,113,113,112,111,111,110,110,109,108,107,106
236,236,236,236,235,234,233,233,232,230,226,221,211,185,182,175,168,158,125,108,96,108,110,112,113,116,117,118,117,115,114,112,112,111,110,109,108,107,107,106,105,105,104,103,103,102,102,101,101,101,100,100,99,99,99,99,99,99,99,99,99,99,99,100,100,101,101,102,102,102,103,103,103,104,104,105,106,106,107,108,108,109,110,111,111,112,113,113,114,115,116,117,117,118,119,119,120,121,122,122,123,124,124,125,125,126,126,127,127,128,128,128,129,129,130,130,130,130,130,130,131,131,131,131,131,131,131,132,131,131,132,131,131,131,131,131,131,131,131,131,130,130,130,130,130,129,129,129,129,129,128,128,128,127,127,126,126,125,125,124,124,124,123,122,122,122,121,121,120,120,120,119,119,118,117,117,117,115,116,114,114,113,112,111,111,110,110,109,108,107,106
236,236,236,236,235,234,233,233,232,231,229,224,218,204,183,180,173,168,143,120,106,101,109,110,112,114,117,118,119,117,116,114,113,112,111,111,110,109,109,108,107,106,106,105,104,104,103,103,103,102,102,102,101,101,101,101,100,100,100,101,101,101,101,102,102,102,103,102,103,104,104,104,105,105,106,107,107,108,109,109,110,111,111,112,112,113,114,115,116,116,117,118,119,119,120,121,122,122,123,124,124,125,126,126,127,127,128,128,129,129,129,130,131,130,131,131,131,132,132,132,132,131,132,132,132,133,133,133,133,132,133,133,132,132,133,132,132,132,132,131,131,131,131,131,130,130,130,130,129,129,129,129,128,128,127,127,126,126,127,126,125,124,124,123,123,122,122,121,121,120,120,119,119,118,118,117,116,116,116,115,114,113,112,112,111,111,110,109,108,107,107
236,236,236,236,235,235,234,234,233,232,231,227,220,215,207,181,179,173,166,135,117,106,102,108,110,112,113,115,118,118,119,117,116,115,114,113,113,111,111,110,110,109,108,108,107,106,106,105,105,104,104,103,103,103,102,103,102,102,102,102,102,103,103,103,103,104,104,104,105,105,106,106,107,107,108,108,109,109,110,110,111,112,113,113,114,115,116,116,117,118,119,120,120,121,122,123,123,124,125,125,126,126,127,128,128,129,129,130,130,130,131,131,131,132,132,132,133,133,133,133,133,133,134,134,134,134,134,134,134,134,134,134,134,134,134,133,133,133,133,133,133,132,132,132,132,131,131,131,130,130,130,129,129,129,128,128,127,127,126,126,125,125,125,124,124,123,122,122,121,121,120,119,119,118,118,117,117,116,115,115,114,114,112,112,112,110,110,109,108,107,106
236,236,236,236,236,235,235,235,235,233,232,228,223,219,213,200,194,174,173,170,128,124,107,105,107,110,112,113,114,118,118,119,118,118,117,115,114,114,113,112,111,111,110,109,109,109,108,107,107,107,106,106,105,105,105,104,104,104,104,104,104,105,105,105,106,105,106,106,107,107,107,108,108,109,109,110,110,111,112,112,113,114,114,116,116,117,117,118,119,119,120,121,122,123,124,124,125,126,126,127,128,128,129,129,130,130,131,131,131,132,132,133,133,133,133,134,134,134,134,135,135,135,135,135,136,136,135,135,135,135,135,135,135,135,135,135,135,134,134,134,134,133,133,133,133,132,132,132,131,131,131,130,130,129,129,129,128,127,127,127,126,125,125,125,124,123,123,123,122,121,121,120,119,119,118,117,117,116,116,116,115,114,113,112,111,111,110,109,108,108,106
236,236,236,236,236,236,236,235,235,234,233,230,227,222,216,210,200,193,177,174,164,153,126,111,101,98,109,111,113,112,114,118,118,119,119,118,118,116,116,115,114,113,112,111,111,111,110,110,109,109,108,108,108,108,107,107,107,106,106,106,106,107,107,107,108,108,108,109,109,109,109,110,110,111,111,112,112,113,113,114,115,115,116,117,118,118,119,120,121,121,122,123,124,124,126,126,127,127,128,129,130,130,130,131,131,132,132,132,133,133,134,134,134,135,135,135,136,136,136,136,136,136,136,137,136,137,137,137,137,137,136,136,137,136,136,136,136,136,135,135,135,134,134,134,134,133,133,132,132,132,132,131,131,130,130,129,129,128,128,127,127,126,127,126,125,124,123,123,123,122,121,120,120,119,119,118,118,116,117,116,115,114,113,112,111,111,110,109,108,108,107
236,236,236,236,236,236,235,235,235,235,233,231,228,224,220,216,204,196,184,179,176,174,154,126,117,105,102,106,110,112,113,113,115,118,118,120,119,119,118,118,117,116,115,114,114,113,112,112,112,111,111,110,110,110,110,109,109,109,109,109,109,109,109,109,110,110,110,110,111,111,111,112,112,112,113,114,115,115,116,116,117,118,118,119,119,120,121,122,123,123,124,125,126,126,127,128,128,129,130,130,131,131,132,132,133,133,134,135,135,135,136,136,136,136,137,137,137,137,138,137,137,138,138,138,138,138,138,138,138,138,138,138,138,138,137,138,137,137,137,136,136,136,136,136,135,135,134,134,133,133,133,132,132,131,131,130,130,129,129,128,128,127,126,126,125,125,124,124,123,122,121,121,120,119,119,118,118,117,116,116,116,115,113,113,112,111,111,110,108,108,107
236,236,236,236,236,236,235,236,236,235,234,232,230,227,223,220,215,206,180,178,177,174,174,174,126,127,119,102,100,109,111,113,113,112,114,116,119,120,121,121,120,119,118,118,117,116,115,114,114,114,113,113,112,112,112,112,112,112,112,112,112,112,112,112,112,112,113,113,113,113,114,114,115,115,116,116,117,117,118,118,119,120,120,121,121,122,123,124,125,125,126,127,127,128,129,130,130,131,132,132,133,134,134,134,135,135,136,136,136,137,137,138,138,138,138,138,139,139,139,139,139,140,139,139,139,139,140,139,139,140,139,139,139,139,139,139,138,138,138,138,137,137,137,136,136,136,135,135,134,134,133,133,133,132,132,131,131,130,130,129,129,128,127,126,126,125,125,124,124,123,122,122,120,120,119,119,118,117,117,116,115,115,115,113,112,111,111,110,109,108,107
236,236,236,236,236,236,235,235,236,235,235,234,232,229,226,222,219,215,205,191,186,178,175,175,173,136,127,130,127,113,100,109,112,113,113,112,114,118,119,121,121,121,122,121,120,119,118,118,117,116,116,116,115,115,115,115,115,115,114,115,115,115,115,115,115,115,115,116,116,116,117,117,118,118,118,119,119,120,120,121,122,122,123,123,124,125,125,127,127,127,128,129,130,130,131,131,132,133,133,134,135,136,136,136,137,137,138,138,138,138,139,139,139,140,140,140,140,140,141,141,141,141,141,141,141,141,141,141,141,141,141,140,140,140,140,140,140,139,139,139,138,138,138,137,137,136,136,136,135,135,135,134,134,133,133,132,131,131,131,130,129,129,128,127,127,126,126,125,125,123,123,122,121,120,120,119,118,118,117,117,116,115,115,114,113,112,111,110,109,108,108
236,236,236,236,236,235,236,235,236,235,236,235,233,231,229,226,222,218,213,203,192,187,180,174,172,166,121,125,128,129,126,107,101,108,112,114,113,114,115,118,120,120,121,122,123,123,121,121,120,119,119,118,118,118,118,118,118,118,118,118,118,118,118,118,118,118,118,119,119,119,120,120,120,121,122,122,122,123,123,124,124,125,125,126,126,127,128,128,129,130,130,131,132,132,133,134,134,135,135,136,137,137,138,138,138,139,139,140,140,141,141,141,141,141,142,142,142,142,142,143,142,142,142,143,142,142,143,142,142,142,142,142,142,142,142,141,141,141,140,140,140,139,139,138,138,138,137,137,136,136,136,135,135,134,133,133,132,132,131,131,130,129,129,128,127,127,127,126,125,124,124,123,122,121,120,119,119,118,118,117,116,116,115,114,113,113,111,111,110,109,107
236,236,236,236,236,236,236,235,235,235,235,236,235,234,232,230,227,223,219,215,201,194,191,186,181,177,174,174,123,125,129,131,127,113,102,106,112,113,114,114,114,114,116,120,121,123,123,123,123,123,122,122,122,121,121,121,121,121,122,121,121,122,122,121,122,122,122,122,123,123,123,123,124,124,125,125,125,126,127,127,127,128,129,129,130,130,131,131,131,132,133,133,134,135,135,136,136,137,138,138,139,139,140,140,141,141,141,142,142,142,143,143,143,143,143,144,144,144,144,144,144,144,144,144,144,144,144,144,144,144,144,144,143,143,143,143,142,142,142,141,141,141,140,140,139,139,139,138,138,137,137,136,136,135,135,134,133,133,132,132,131,130,130,129,129,128,127,126,126,125,125,123,122,121,121,120,119,119,118,117,117,117,115,114,114,112,112,111,110,109,108
236,236,236,236,236,236,235,236,235,235,235,235,235,235,234,233,231,228,224,219,215,205,195,191,187,184,180,177,176,177,124,127,130,132,129,116,104,102,111,113,115,115,115,115,116,118,119,121,123,124,125,125,125,125,124,124,124,125,125,125,125,125,125,125,125,125,125,126,125,126,126,126,127,127,128,128,129,129,129,130,131,131,131,132,133,133,134,134,134,135,136,136,138,138,138,139,139,140,140,141,141,142,142,143,143,143,143,144,144,144,144,145,145,145,145,145,145,146,146,146,146,146,146,146,146,146,146,146,146,145,145,145,145,145,144,144,144,144,143,143,142,142,141,141,141,140,140,139,139,138,138,137,137,136,135,135,134,134,133,133,132,131,131,130,130,129,128,127,127,126,125,124,123,123,122,121,120,119,119,118,118,117,116,115,114,113,112,111,111,110,109
236,236,236,236,236,235,235,235,235,235,235,235,235,235,235,235,234,232,229,224,219,216,212,199,191,188,186,183,180,178,177,176,125,129,132,133,128,120,112,109,108,112,115,115,116,116,116,116,116,117,120,123,125,126,127,127,128,127,127,128,129,128,128,128,129,128,129,129,129,129,130,130,130,131,131,131,132,132,132,133,133,134,135,135,136,136,137,137,137,138,138,139,140,140,141,141,142,142,143,143,144,144,145,145,145,146,146,146,146,147,147,147,147,147,147,147,148,148,148,148,148,148,148,148,148,147,147,147,147,147,147,147,146,146,146,146,145,145,144,144,144,144,143,142,142,142,141,141,140,139,139,139,138,137,137,136,136,135,135,134,133,132,132,131,131,130,129,129,127,127,126,125,125,123,123,122,121,120,119,119,118,117,116,115,115,113,113,112,111,110,109
236,236,236,236,235,235,235,235,235,235,235,235,235,235,235,235,235,234,232,231,225,221,217,215,205,192,189,188,185,183,179,177,176,178,125,129,132,133,131,125,117,114,111,109,112,115,116,117,117,117,117,117,118,120,123,125,127,128,129,130,131,132,132,131,132,132,133,133,133,133,133,133,134,134,135,135,135,136,136,136,137,137,137,138,138,139,140,140,141,141,142,142,142,143,144,144,145,145,145,146,146,147,147,147,148,148,148,148,149,149,149,149,149,149,150,150,150,150,150,150,150,150,150,149,149,149,149,149,149,149,148,148,148,148,148,147,147,147,146,145,145,145,144,144,143,143,142,142,141,141,140,140,139,139,138,138,137,136,136,135,135,134,133,132,131,131,130,129,128,128,127,126,125,124,124,123,122,121,120,119,119,118,117,116,115,114,113,112,111,110,109
236,236,236,236,236,236,235,235,235,235,235,235,235,235,235,235,236,235,235,233,232,227,223,220,217,212,195,190,188,186,183,182,180,178,180,122,125,129,131,133,135,130,124,118,116,114,112,111,115,117,118,118,119,119,120,120,121,121,122,124,127,130,132,133,134,135,136,136,137,137,137,138,138,138,138,138,139,139,139,140,140,141,141,141,142,143,143,144,144,144,145,145,146,146,147,147,147,148,148,149,149,149,150,150,150,150,151,151,151,151,151,151,152,151,152,152,152,152,152,152,152,152,152,151,151,151,151,151,151,150,150,150,150,149,149,148,148,148,148,147,147,146,145,145,145,144,144,143,143,142,142,141,141,140,139,139,139,137,137,137,136,135,134,134,133,132,131,131,130,129,128,127,126,125,125,123,123,122,121,120,119,118,118,116,116,115,114,113,112,111,110
235,235,235,235,235,235,235,235,235,235,235,235,235,235,235,235,236,235,235,234,234,233,230,226,223,220,218,212,197,189,187,186,184,182,180,176,172,122,125,128,130,132,134,135,131,125,121,117,116,115,114,114,116,119,120,121,121,122,122,122,123,123,125,126,129,132,132,134,134,136,138,139,140,141,142,142,143,143,144,144,144,144,145,145,146,146,147,147,147,148,148,149,149,149,149,150,150,151,151,151,152,152,153,153,153,153,154,154,154,154,154,154,154,154,154,154,154,154,154,154,154,154,154,153,153,153,153,153,152,152,152,152,151,151,151,150,150,149,149,148,148,148,147,147,147,146,145,145,144,144,143,143,143,142,142,141,140,139,139,139,138,137,137,136,135,134,133,132,131,130,129,128,127,126,126,124,124,123,122,121,120,119,118,117,116,115,114,113,112,112,111
235,236,236,236,235,235,235,235,235,235,235,235,235,235,235,235,235,235,235,235,235,234,233,232,230,227,223,220,218,214,194,190,188,186,184,180,177,175,173,149,123,126,129,131,133,136,134,129,127,125,124,122,121,118,117,116,118,120,122,123,124,124,125,125,126,126,127,128,128,129,131,133,134,136,136,138,141,143,145,145,146,147,148,149,149,150,150,150,151,151,151,152,152,153,153,154,154,154,154,155,155,155,155,156,156,156,156,156,156,157,156,156,157,157,156,156,156,156,156,156,156,156,156,155,155,155,155,155,154,154,154,154,153,153,152,152,152,151,151,150,150,150,149,149,149,148,148,147,147,146,145,145,145,145,144,144,143,142,141,141,140,139,138,138,136,135,135,134,133,132,131,129,128,127,127,126,124,124,122,122,120,120,119,118,117,116,116,114,113,112,112
235,236,236,236,235,236,235,235,235,235,235,235,235,235,235,235,235,235,235,235,235,234,234,234,233,232,230,227,224,221,219,212,200,192,189,187,184,182,180,178,176,175,160,125,127,130,133,135,135,130,127,126,125,125,125,125,125,124,123,121,120,121,122,124,126,127,128,128,129,130,130,131,131,131,132,133,134,135,136,137,138,139,140,140,144,148,149,151,152,153,154,155,155,156,156,157,157,157,157,158,158,158,159,159,160,159,160,160,160,160,160,160,160,160,160,159,159,159,159,159,159,159,158,158,157,157,157,157,156,156,156,155,155,155,155,154,154,153,153,153,153,152,152,151,151,151,150,150,149,149,148,148,147,147,147,146,145,145,144,143,143,142,140,138,137,137,136,134,134,133,132,131,130,129,128,127,126,125,124,123,122,121,120,120,118,117,117,116,115,114,113
235,235,235,236,235,235,235,235,235,235,235,235,235,235,235,235,235,235,235,235,235,235,235,234,234,234,233,232,231,228,225,223,220,217,207,199,192,189,185,184,182,179,179,178,178,178,179,128,131,135,136,135,132,130,130,130,131,131,132,131,133,133,133,135,135,135,130,128,126,127,129,130,132,133,133,134,135,136,136,137,138,139,139,139,140,141,142,143,144,145,146,148,151,152,153,155,157,158,158,159,160,161,162,162,162,162,163,163,163,163,163,163,163,163,163,163,163,162,162,162,162,161,161,161,161,160,160,160,159,159,159,158,158,158,157,157,156,156,156,155,155,154,154,153,153,153,152,152,151,150,149,148,149,150,148,147,146,146,146,146,144,143,142,140,139,138,137,136,135,135,133,132,131,130,128,129,127,125,125,123,122,122,120,121,119,117,117,117,115,116,114
235,235,235,235,235,235,235,235,235,235,235,235,235,235,235,235,235,235,235,235,235,235,235,235,234,234,234,233,233,232,231,230,228,225,224,221,219,210,197,187,189,187,186,184,183,181,180,179,178,178,149,132,135,138,139,141,141,140,140,141,142,144,146,148,151,153,154,152,146,140,139,139,139,136,134,133,132,132,134,135,137,138,140,141,142,142,143,144,145,145,146,147,147,148,149,149,150,151,151,152,153,154,155,156,158,160,162,162,163,163,164,164,164,164,164,164,165,165,165,165,164,164,164,164,164,163,163,163,162,162,161,161,160,160,159,159,157,158,158,159,157,156,155,155,154,154,153,152,151,151,148,150,149,150,149,148,147,146,149,145,145,145,144,142,142,141,140,139,139,138,136,135,134,133,132,131,130,129,129,129,127,127,126,125,125,124,123,122,121,120,120
235,235,235,235,235,235,235,235,235,235,235,235,235,234,235,235,235,235,235,235,234,234,234,234,234,234,234,234,234,234,233,232,231,230,228,226,224,223,221,219,214,206,199,197,198,189,188,187,186,186,185,185,184,183,162,135,139,141,143,146,149,154,155,170,172,171,169,169,167,165,161,157,151,149,149,151,152,152,153,157,151,144,142,142,139,139,138,138,141,144,144,145,147,148,149,150,151,152,153,153,154,154,155,155,156,157,158,158,158,158,158,159,160,160,161,161,159,161,162,163,162,163,163,163,162,162,163,163,161,162,162,161,161,162,160,160,159,159,160,159,158,157,156,156,155,156,154,153,152,152,152,151,150,149,148,147,146,145,145,144,143,143,142,141,141,141,140,141,140,140,140,138,137,136,135,135,134,134,133,132,132,131,130,130,129,128,128,127,126,125,125
235,235,235,235,235,235,235,235,235,235,235,235,235,235,235,235,235,235,235,235,234,234,234,234,234,234,234,234,234,234,233,233,233,232,230,229,228,226,224,223,221,220,219,217,215,212,207,200,197,195,194,193,191,191,189,188,186,186,175,185,140,142,158,164,170,174,174,175,174,174,173,172,169,166,157,160,163,166,167,168,168,172,186,189,184,178,174,166,158,155,152,150,149,149,148,148,146,146,147,147,148,150,151,220,154,155,156,157,157,158,159,159,159,159,159,159,159,159,159,159,159,159,159,159,159,159,159,158,157,157,157,156,155,153,153,154,154,155,153,151,150,148,147,150,151,153,155,152,142,141,139,138,136,135,132,130,128,129,130,139,132,133,128,130,133,131,131,140,132,133,133,129,125,126,131,132,133,132,128,130,124,126,128,129,127,128,124,122,121,122,123
235,235,235,235,235,235,234,235,235,234,235,235,234,235,235,235,235,235,234,235,234,235,234,234,234,234,235,235,234,234,234,234,234,233,232,231,230,229,228,227,225,224,224,224,223,222,221,220,219,216,212,208,205,202,200,199,196,191,202,197,192,194,185,159,152,162,168,171,174,174,176,176,172,168,168,169,170,170,172,174,180,185,188,188,188,188,186,186,185,184,182,182,179,177,171,163,163,160,218,221,222,222,222,221,222,149,148,148,147,148,148,149,149,149,149,150,150,151,152,153,153,154,155,154,154,154,154,153,153,153,151,150,148,147,147,144,142,141,139,137,135,136,144,149,151,154,154,153,136,120,120,119,119,122,123,134,124,137,139,139,129,129,126,135,140,142,142,143,141,148,142,142,141,142,140,144,141,140,138,138,133,132,126,130,141,146,137,144,148,144,139
235,235,235,235,235,235,235,235,235,235,235,234,235,235,234,235,235,235,235,235,235,234,234,234,234,234,234,234,234,234,234,234,234,234,233,232,232,231,231,230,230,229,229,228,228,228,227,226,224,224,222,220,219,218,216,220,222,220,220,216,216,214,211,205,204,219,187,177,198,165,153,155,158,160,162,164,167,168,170,172,173,174,176,177,179,179,179,179,179,179,179,179,179,179,180,183,179,179,221,224,224,224,207,169,170,166,163,161,160,157,155,155,153,151,151,150,149,148,147,147,147,146,145,145,149,160,145,151,159,154,158,184,186,186,181,147,135,131,130,130,130,134,152,157,154,156,153,152,150,141,147,159,165,166,174,168,171,167,165,158,160,151,155,157,160,163,163,163,166,167,167,168,170,170,177,178,171,169,168,161,157,153,157,159,157,158,157,173,184,195,188
235,235,235,235,235,235,235,234,235,234,235,234,235,235,235,235,235,235,235,235,235,234,234,234,234,234,234,234,234,234,234,234,234,234,234,234,233,233,233,232,232,232,232,231,232,231,230,229,228,227,226,225,224,225,228,227,226,225,225,226,224,223,222,221,220,220,219,218,217,216,216,216,216,217,218,216,216,216,216,214,216,216,219,219,209,217,220,219,222,223,226,226,224,226,224,225,223,223,223,224,223,223,219,218,212,209,218,164,217,217,178,223,223,159,162,162,162,215,170,163,157,150,157,176,172,172,175,174,174,173,175,177,182,181,178,200,177,177,178,180,182,182,179,182,192,183,197,206,193,192,198,197,201,199,200,199,199,198,195,193,194,195,191,184,186,183,182,188,198,203,209,216,216,216,216,215,217,212,208,203,202,198,195,192,210,211,212,213,213,216,220
235,235,235,235,235,235,235,234,235,235,235,234,234,235,235,235,235,235,235,235,235,235,235,234,234,234,234,234,234,234,234,234,234,234,234,235,235,234,234,234,233,234,233,233,233,233,232,231,230,230,229,229,230,230,230,230,229,228,228,228,227,227,226,226,224,224,224,224,223,223,223,223,223,224,224,224,225,226,227,228,229,230,230,230,230,229,229,229,229,230,230,231,230,230,229,229,229,229,227,224,223,224,225,225,226,227,227,227,227,226,225,224,224,224,223,223,222,222,220,219,216,215,218,215,216,219,222,223,223,221,220,215,212,214,216,214,207,211,212,206,206,206,205,207,208,209,211,212,215,216,218,219,220,221,222,225,221,220,219,218,218,218,217,218,216,220,221,222,223,225,226,226,226,227,226,226,227,227,227,227,227,227,227,226,226,226,226,227,227,227,228
235,235,235,235,235,235,234,235,235,235,234,235,234,235,234,234,235,234,234,235,235,235,235,235,234,234,234,234,234,234,234,234,234,234,234,234,234,235,234,234,234,234,234,234,234,234,233,233,232,232,232,232,232,233,233,232,231,231,230,231,230,230,229,228,228,228,228,228,228,228,228,228,229,229,229,229,230,230,231,231,232,232,232,232,232,232,232,232,232,231,231,232,231,231,231,231,231,231,231,230,229,228,227,227,228,228,228,228,228,229,229,228,228,227,228,227,227,227,227,227,227,227,227,226,227,227,227,228,228,229,228,227,226,225,224,223,222,222,221,220,219,219,219,219,219,219,221,223,225,226,227,228,228,229,230,230,230,230,230,230,230,230,230,230,229,229,229,230,230,230,230,230,230,230,229,230,230,230,230,231,231,231,231,231,231,231,231,231,231,231,231
235,235,235,235,235,235,235,235,235,234,234,234,235,235,235,235,235,235,235,234,235,234,234,234,235,234,234,234,234,234,234,234,234,234,234,234,234,234,235,234,234,235,234,234,235,234,234,234,234,233,233,234,234,234,234,234,233,233,232,233,232,232,232,232,232,232,232,232,232,232,232,232,232,232,232,232,232,232,232,232,233,233,233,233,233,233,233,233,232,232,232,232,232,232,232,232,232,232,232,232,232,231,231,231,230,230,231,231,231,231,231,230,230,230,231,231,230,230,230,230,230,230,230,231,231,231,232,232,232,232,232,231,231,231,230,230,229,228,228,228,227,227,228,228,229,229,229,230,230,230,230,231,231,231,231,231,232,232,232,232,232,232,232,232,232,232,232,232,232,232,232,231,231,231,232,231,231,232,232,232,232,232,232,232,232,233,233,233,233,233,233
235,235,235,235,235,235,234,235,235,235,235,234,235,235,235,235,235,235,234,234,234,234,234,234,234,235,234,234,234,234,234,234,234,234,234,234,234,234,234,234,234,234,234,234,234,234,234,234,234,234,234,234,234,234,234,234,234,234,234,234,234,233,234,233,233,233,233,233,233,233,233,233,233,233,233,233,233,233,233,233,233,233,233,233,233,233,233,232,233,232,233,233,232,233,232,232,233,233,233,233,232,233,232,232,232,232,232,232,232,232,232,231,231,231,231,231,232,232,232,232,232,232,233,232,233,233,234,235,236,233,233,233,233,232,232,232,231,232,231,231,231,231,232,232,232,232,232,231,231,231,232,231,232,233,232,232,232,232,232,232,232,232,232,232,232,232,232,232,232,232,232,232,232,231,232,232,232,232,232,232,233,233,233,233,233,233,232,233,233,233,233
235,235,235,235,235,235,235,234,235,235,234,235,235,234,235,235,235,235,235,235,235,234,234,234,234,234,234,234,234,234,234,234,234,234,234,234,234,234,234,234,234,234,234,234,234,234,234,234,234,234,234,234,234,234,233,233,234,234,234,234,234,234,234,234,233,233,233,233,233,233,233,233,233,233,234,233,233,233,233,233,233,233,233,233,233,233,233,233,233,233,233,232,233,232,232,233,233,233,233,233,233,233,233,232,232,232,232,232,232,232,231,231,232,231,232,232,232,232,232,232,232,233,233,233,233,233,233,233,233,233,233,233,233,233,232,232,232,232,232,232,232,232,232,232,232,232,232,232,232,232,232,232,232,233,232,232,232,232,232,232,232,232,232,232,232,232,232,232,232,233,232,232,232,232,232,232,232,232,232,232,233,233,233,233,232,232,232,233,233,233,233
235,235,235,235,235,235,235,235,235,235,235,235,234,235,235,235,235,235,235,235,234,234,234,234,234,233,234,234,235,235,234,234,234,234,234,234,234,234,234,234,235,234,234,234,234,234,234,234,234,234,234,234,234,234,234,234,233,234,233,234,234,234,233,234,234,234,233,233,233,233,233,233,233,233,233,233,233,233,233,233,233,233,233,233,233,233,233,233,233,233,232,232,233,233,232,232,233,233,232,233,233,233,232,233,233,233,233,232,232,231,231,231,231,232,232,232,232,232,232,233,233,233,233,232,233,233,232,232,232,233,233,232,233,232,232,233,233,232,232,232,232,232,232,233,233,233,232,233,232,232,232,232,232,232,232,232,232,232,232,232,232,233,232,232,232,232,232,232,232,232,232,232,232,232,232,232,232,232,232,232,233,232,233,233,233,233,233,233,233,233,232
235,235,235,235,235,235,235,235,235,235,234,235,234,235,235,235,235,235,235,234,234,234,234,234,234,234,234,234,234,234,235,234,234,234,234,234,234,234,234,234,234,234,234,234,234,234,234,234,234,233,234,233,234,234,234,233,234,234,234,234,233,234,234,233,234,234,234,233,234,233,233,233,233,233,233,233,233,233,233,233,233,233,233,233,233,233,233,233,233,232,233,232,232,232,233,232,233,233,233,233,233,233,233,233,232,232,233,232,232,232,232,232,232,232,232,233,232,232,233,233,233,233,233,233,233,233,233,232,232,233,233,232,232,232,232,232,232,232,232,232,232,232,232,232,233,233,232,233,232,232,232,232,232,232,232,232,232,232,232,232,232,232,232,232,232,232,232,232,232,232,232,232,232,232,232,232,232,232,232,233,232,233,233,233,232,232,233,233,233,233,232
235,235,235,235,235,235,235,235,235,235,235,234,235,235,235,235,234,235,234,234,234,234,235,234,234,234,234,234,234,234,234,234,234,234,235,234,234,234,234,234,234,234,234,234,234,233,234,234,234,234,234,234,233,234,234,234,233,233,234,234,234,234,233,234,234,234,233,233,233,233,233,233,233,233,233,233,233,233,233,233,233,233,233,233,233,233,233,233,233,233,232,232,232,232,233,232,232,232,233,233,232,233,233,232,233,233,232,232,232,232,231,232,232,232,232,232,233,233,233,232,232,232,233,232,232,233,233,233,232,232,233,232,232,232,232,232,232,232,232,232,232,233,232,232,232,232,232,232,232,232,232,232,232,232,232,232,232,232,232,232,232,232,232,232,232,232,233,233,232,233,232,232,232,232,232,232,232,232,232,232,232,232,233,233,233,232,233,233,232,232,233
235,235,234,235,235,235,234,234,234,235,235,234,235,235,235,235,235,234,234,234,234,234,234,234,234,234,234,234,234,233,234,234,234,234,234,234,234,234,234,234,234,234,234,234,234,234,234,234,233,234,234,234,234,234,234,234,233,233,233,233,233,234,234,233,233,233,233,233,234,233,233,233,233,233,233,233,233,233,233,233,233,233,233,233,233,233,233,233,232,232,232,232,232,232,232,232,232,232,232,232,232,233,233,233,233,232,232,233,233,232,232,232,232,232,232,232,233,233,232,232,232,233,233,232,232,232,233,232,232,232,232,232,232,232,232,232,232,233,232,232,232,232,232,232,233,233,233,232,232,232,232,232,232,232,232,232,233,232,232,232,232,232,232,232,232,232,232,232,232,232,232,232,232,232,232,232,232,232,232,232,232,233,233,233,233,233,233,232,232,233,233
235,235,235,235,235,235,234,234,234,234,234,234,234,235,235,235,235,235,235,234,234,234,234,234,234,234,234,234,234,234,234,234,234,235,234,234,234,234,234,234,234,234,234,233,234,234,233,234,233,234,234,234,234,234,233,233,233,233,233,234,234,234,233,233,233,233,233,233,233,233,233,233,233,233,233,233,233,233,233,233,233,233,233,233,233,233,233,232,232,232,232,232,233,233,233,233,232,233,233,233,233,232,232,232,232,233,233,233,233,232,232,232,233,233,232,232,232,232,232,232,232,232,232,232,233,233,232,232,232,232,232,232,232,232,232,232,232,232,232,232,232,232,232,232,233,232,232,232,232,232,232,232,232,232,232,232,232,232,232,232,232,232,232,232,232,232,232,232,232,232,232,232,232,232,232,232,232,232,232,232,232,232,232,232,233,232,232,232,233,233,233
235,235,234,235,235,235,234,234,234,234,235,234,234,234,234,235,235,235,234,234,235,234,234,234,234,234,234,235,235,234,234,234,234,234,234,234,234,234,234,234,234,234,233,233,234,234,234,234,234,233,234,234,234,233,233,233,233,233,234,233,233,233,234,233,233,233,233,233,233,233,233,234,233,233,233,233,233,233,233,233,233,233,233,233,233,233,233,233,232,233,232,232,232,233,232,233,232,233,233,233,233,233,233,233,233,233,233,233,232,232,232,232,233,232,232,232,232,232,232,232,232,232,232,232,232,232,232,232,233,233,232,232,232,232,232,232,232,232,232,232,232,232,232,232,232,233,232,233,232,233,232,232,232,232,232,232,232,232,232,233,232,232,232,232,232,232,232,232,232,232,232,232,232,232,232,232,232,232,232,232,232,232,232,233,232,233,233,232,232,232,232
235,235,235,235,234,234,234,234,234,235,234,234,234,234,234,234,235,235,234,235,234,234,234,234,234,234,234,234,234,234,234,234,234,234,234,234,234,234,234,234,233,233,234,233,233,233,234,234,233,234,234,234,234,234,233,233,233,234,234,234,233,233,234,233,233,233,233,234,233,234,233,233,233,233,233,233,233,233,233,233,233,233,233,233,233,233,233,233,233,233,232,232,232,233,233,233,233,233,233,232,232,233,233,233,233,233,233,233,232,232,232,232,233,232,232,232,232,233,232,232,232,233,232,232,232,232,232,232,233,233,232,232,232,233,232,232,232,232,232,232,232,232,232,232,232,232,232,232,232,232,232,232,232,232,232,232,232,232,232,232,232,232,232,232,232,232,232,232,232,232,232,232,232,232,232,232,232,232,232,232,232,232,232,232,233,233,232,233,232,232,232
235,235,235,235,234,234,234,234,235,234,234,234,234,234,235,235,235,235,234,234,234,234,234,234,234,234,234,234,234,234,234,234,234,234,234,234,234,234,234,234,234,234,234,233,233,233,234,234,234,233,234,234,234,234,233,233,233,234,234,233,234,233,234,234,233,233,233,233,233,234,233,233,233,233,233,233,233,233,233,233,233,233,233,233,233,233,233,233,233,233,232,232,233,233,233,233,233,233,232,233,233,232,232,233,233,233,233,233,232,233,232,232,232,232,232,232,232,232,232,232,232,232,233,233,232,233,232,232,233,232,232,232,232,232,232,232,232,232,232,232,232,232,232,232,232,233,232,232,232,232,232,232,232,232,232,232,232,232,232,232,232,232,232,233,232,232,232,232,232,232,232,232,232,232,232,232,232,232,232,232,232,232,233,233,232,232,232,233,233,232,233
